<?xml version="1.0" encoding="UTF-8"?>
<addon
  id="skin.boxski"
  version="1.0.0"
  name="Boxski"
  provider-name="Boxski">
  <requires>
    <import addon="xbmc.gui" version="5.3.0"/>
		<import addon="superrepo.kodi.helix.video" version="0.7.03"/>
  </requires>
  <extension
    point="xbmc.gui.skin"
    defaultthemename="textures.xbt"
    debugging="false"
    effectslowdown="0.75">
    <res width="1280" height="720" aspect="16:9" default="true" folder="720p" />
  </extension>
  <extension point="xbmc.addon.metadata">
    <summary lang="en">The Boxski skin</summary>
    <description lang="en">Boxski is the default skin for your device</description>
    <disclaimer lang="en">Boxski is the default skin for your device, removing it may cause issues</disclaimer>
    <platform>all</platform>
  </extension>
</addon>
